Index,District,State,Zone,
1,SouthAndamans,Andaman and Nicobar Islands,RedZone,
2,Nicobars,Andaman and Nicobar Islands,GreenZone,
3,NorthAndMiddleAndaman,Andaman and Nicobar Islands,GreenZone,
4,Kurnool,Andhra Pradesh,RedZone,
5,Guntur,Andhra Pradesh,RedZone,
6,Krishna,Andhra Pradesh,RedZone,
7,Chittoor,Andhra Pradesh,RedZone,
8,SpsrNellore,Andhra Pradesh,RedZone,
9,WestGodavari,Andhra Pradesh,OrangeZone,
10,YSR,Andhra Pradesh,OrangeZone,
11,Anantapur,Andhra Pradesh,OrangeZone,
12,Prakasam,Andhra Pradesh,OrangeZone,
13,EastGodavari,Andhra Pradesh,OrangeZone,
14,Srikakulam,Andhra Pradesh,OrangeZone,
15,Visakhapatanam,Andhra Pradesh,OrangeZone,
16,Vizianagaram,Andhra Pradesh,GreenZone,
17,Lohit,Arunachal Pradesh,GreenZone,
18,Changlang,Arunachal Pradesh,GreenZone,
19,DibangValley,Arunachal Pradesh,GreenZone,
20,EastKameng,Arunachal Pradesh,GreenZone,
21,EastSiang,Arunachal Pradesh,GreenZone,
22,KurungKumey,Arunachal Pradesh,GreenZone,
23,LowerDibangValley,Arunachal Pradesh,GreenZone,
24,LowerSubansiri,Arunachal Pradesh,GreenZone,
25,PapumPare,Arunachal Pradesh,GreenZone,
26,Tawang,Arunachal Pradesh,GreenZone,
27,Tirap,Arunachal Pradesh,GreenZone,
28,UpperSiang,Arunachal Pradesh,GreenZone,
29,UpperSubansiri,Arunachal Pradesh,GreenZone,
30,WestKameng,Arunachal Pradesh,GreenZone,
31,WestSiang,Arunachal Pradesh,GreenZone,
32,Anjaw,Arunachal Pradesh,GreenZone,
33,Longding,Arunachal Pradesh,GreenZone,
34,KraDaadi,Arunachal Pradesh,GreenZone,
35,Namsai,Arunachal Pradesh,GreenZone,
36,Siang,Arunachal Pradesh,GreenZone,
37,Kamle,Arunachal Pradesh,GreenZone,
38,LowerSiang,Arunachal Pradesh,GreenZone,
39,PakkeKessang,Arunachal Pradesh,GreenZone,
40,Leparada,Arunachal Pradesh,GreenZone,
41,ShiYomi,Arunachal Pradesh,GreenZone,
42,Dhubri,Assam,OrangeZone,
43,Marigaon,Assam,OrangeZone,
44,Goalpara,Assam,OrangeZone,
45,Golaghat,Assam,GreenZone,
46,Karimganj,Assam,GreenZone,
47,Nalbari,Assam,GreenZone,
48,Hailakandi,Assam,GreenZone,
49,Cachar,Assam,GreenZone,
50,Kamrup,Assam,GreenZone,
51,Lakhimpur,Assam,GreenZone,
52,KamrupMetro,Assam,GreenZone,
53,SouthSalmaraMancachar,Assam,GreenZone,
54,Barpeta,Assam,GreenZone,
55,Bongaigaon,Assam,GreenZone,
56,Darrang,Assam,GreenZone,
57,Dhemaji,Assam,GreenZone,
58,Dibrugarh,Assam,GreenZone,
59,Jorhat,Assam,GreenZone,
60,KarbiAnglong,Assam,GreenZone,
61,Kokrajhar,Assam,GreenZone,
62,Nagaon,Assam,GreenZone,
63,DimaHasao,Assam,GreenZone,
64,Sivasagar,Assam,GreenZone,
65,Sonitpur,Assam,GreenZone,
66,Tinsukia,Assam,GreenZone,
67,Chirang,Assam,GreenZone,
68,Baksa,Assam,GreenZone,
69,Udalguri,Assam,GreenZone,
70,Biswanath,Assam,GreenZone,
71,Majuli,Assam,GreenZone,
72,Charaideo,Assam,GreenZone,
73,Hojai,Assam,GreenZone,
74,WestKarbiAnglong,Assam,GreenZone,
75,Munger,Bihar,RedZone,
76,Patna,Bihar,RedZone,
77,Rohtas,Bihar,RedZone,
78,Buxar,Bihar,RedZone,
79,Gaya,Bihar,RedZone,
80,Nalanda,Bihar,OrangeZone,
81,Kaimur(Bhabua),Bihar,OrangeZone,
82,Siwan,Bihar,OrangeZone,
83,Gopalganj,Bihar,OrangeZone,
84,Bhojpur,Bihar,OrangeZone,
85,Begusarai,Bihar,OrangeZone,
86,Aurangabad,Bihar,OrangeZone,
87,Madhubani,Bihar,OrangeZone,
88,PurbiChamparan,Bihar,OrangeZone,
89,Bhagalpur,Bihar,OrangeZone,
90,Arwal,Bihar,OrangeZone,
91,Saran,Bihar,OrangeZone,
92,Nawada,Bihar,OrangeZone,
93,Lakhisarai,Bihar,OrangeZone,
94,Banka,Bihar,OrangeZone,
95,Vaishali,Bihar,OrangeZone,
96,Darbhanga,Bihar,OrangeZone,
97,Jehanabad,Bihar,OrangeZone,
98,Madhepura,Bihar,OrangeZone,
99,Purnia,Bihar,OrangeZone,
100,Sheikhpura,Bihar,GreenZone,
101,Araria,Bihar,GreenZone,
102,Jamui,Bihar,GreenZone,
103,Katihar,Bihar,GreenZone,
104,Khagaria,Bihar,GreenZone,
105,Kishanganj,Bihar,GreenZone,
106,Muzaffarpur,Bihar,GreenZone,
107,PashchimChamparan,Bihar,GreenZone,
108,Saharsa,Bihar,GreenZone,
109,Samastipur,Bihar,GreenZone,
110,Sheohar,Bihar,GreenZone,
111,Sitamarhi,Bihar,GreenZone,
112,Supaul,Bihar,GreenZone,
113,Chandigarh,Chandigarh,RedZone,
114,Raipur,Chhattisgarh,RedZone,
115,Korba,Chhattisgarh,OrangeZone,
116,Surajpur,Chhattisgarh,GreenZone,
117,Bilaspur,Chhattisgarh,GreenZone,
118,Durg,Chhattisgarh,GreenZone,
119,Rajnandgaon,Chhattisgarh,GreenZone,
120,Bastar,Chhattisgarh,GreenZone,
121,Dantewada,Chhattisgarh,GreenZone,
122,Dhamtari,Chhattisgarh,GreenZone,
123,Janjgir,Champa,Chhattisgarh,GreenZone
124,Jashpur,Chhattisgarh,GreenZone,
125,Kanker,Chhattisgarh,GreenZone,
126,Kabirdham,Chhattisgarh,GreenZone,
127,Korea,Chhattisgarh,GreenZone,
128,Mahasamund,Chhattisgarh,GreenZone,
129,Raigarh,Chhattisgarh,GreenZone,
130,Surguja,Chhattisgarh,GreenZone,
131,Bijapur,Chhattisgarh,GreenZone,
132,Narayanpur,Chhattisgarh,GreenZone,
133,Sukma,Chhattisgarh,GreenZone,
134,Kondagaon,Chhattisgarh,GreenZone,
135,BalodaBazar,Chhattisgarh,GreenZone,
136,Gariyaband,Chhattisgarh,GreenZone,
137,Balod,Chhattisgarh,GreenZone,
138,Mungeli,Chhattisgarh,GreenZone,
139,Balrampur,Chhattisgarh,GreenZone,
140,Bemetara,Chhattisgarh,GreenZone,
141,DadraAndNagarHaveli,DadraAndNagarHaveli,GreenZone,
142,Daman,DamanAndDiu,GreenZone,
143,Diu,DamanAndDiu,GreenZone,
144,SouthEast,Delhi,RedZone,
145,Central,Delhi,RedZone,
146,North,Delhi,RedZone,
147,South,Delhi,RedZone,
148,NorthEast,Delhi,RedZone,
149,West,Delhi,RedZone,
150,Shahdara,Delhi,RedZone,
151,East,Delhi,RedZone,
152,NewDelhi,Delhi,RedZone,
153,NorthWest,Delhi,RedZone,
154,SouthWest,Delhi,RedZone,
155,NorthGoa,Goa,GreenZone,
156,SouthGoa,Goa,GreenZone,
157,Ahmadabad,Gujarat,RedZone,
158,Surat,Gujarat,RedZone,
159,Vadodara,Gujarat,RedZone,
160,Anand,Gujarat,RedZone,
161,BanasKantha,Gujarat,RedZone,
162,PanchMahals,Gujarat,RedZone,
163,Bhavnagar,Gujarat,RedZone,
164,Gandhinagar,Gujarat,RedZone,
165,ArvaIii,Gujarat,RedZone,
166,Rajkot,Gujarat,OrangeZone,
167,Bharuch,Gujarat,OrangeZone,
168,Botad,Gujarat,OrangeZone,
169,Narmada,Gujarat,OrangeZone,
170,Chhotaudepur,Gujarat,OrangeZone,
171,Mahisagar,Gujarat,OrangeZone,
172,Mahesana,Gujarat,OrangeZone,
173,Patan,Gujarat,OrangeZone,
174,Kheda,Gujarat,OrangeZone,
175,Valsad,Gujarat,OrangeZone,
176,Dohad,Gujarat,OrangeZone,
177,Kachchh,Gujarat,OrangeZone,
178,Navsari,Gujarat,OrangeZone,
179,GirSomnath,Gujarat,OrangeZone,
180,Dang,Gujarat,OrangeZone,
181,SabarKantha,Gujarat,OrangeZone,
182,Tapi,Gujarat,OrangeZone,
183,Jamnagar,Gujarat,OrangeZone,
184,Surendranagar,Gujarat,OrangeZone,
185,Morbi,Gujarat,GreenZone,
186,Amreli,Gujarat,GreenZone,
187,Porbandar,Gujarat,GreenZone,
188,Junagadh,Gujarat,GreenZone,
189,DevbhumiDwarka,Gujarat,GreenZone,
190,Sonipat,Haryana,RedZone,
191,Faridabad,Haryana,RedZone,
192,Gurugram,Haryana,OrangeZone,
193,Nuh,Haryana,OrangeZone,
194,Panipat,Haryana,OrangeZone,
195,Panchkula,Haryana,OrangeZone,
196,Palwal,Haryana,OrangeZone,
197,Rohtak,Haryana,OrangeZone,
198,Hisar,Haryana,OrangeZone,
199,Ambala,Haryana,OrangeZone,
200,Jhajjar,Haryana,OrangeZone,
201,Bhiwani,Haryana,OrangeZone,
202,Kaithal,Haryana,OrangeZone,
203,Kurukshetra,Haryana,OrangeZone,
204,KarnaI,Haryana,OrangeZone,
205,Jind,Haryana,OrangeZone,
206,Sirsa,Haryana,OrangeZone,
207,Yamunanagar,Haryana,OrangeZone,
208,Fatehabad,Haryana,OrangeZone,
209,CharkiDadri,Haryana,OrangeZone,
210,Mahendragarh,Haryana,GreenZone,
211,Rewari,Haryana,GreenZone,
212,Una,Himachal Pradesh,OrangeZone,
213,Chamba,Himachal Pradesh,OrangeZone,
214,Hamirpur,Himachal Pradesh,OrangeZone,
215,Kangra,Himachal Pradesh,OrangeZone,
216,Sirmaur,Himachal Pradesh,OrangeZone,
217,Solan,Himachal Pradesh,OrangeZone,
218,Bilaspur,Himachal Pradesh,GreenZone,
219,Kinnaur,Himachal Pradesh,GreenZone,
220,Kullu,Himachal Pradesh,GreenZone,
221,LahulAndSpiti,Himachal Pradesh,GreenZone,
222,Mandi,Himachal Pradesh,GreenZone,
223,Shimla,Himachal Pradesh,GreenZone,
224,Bandipora,Jammu and Kashmir,RedZone,
225,Shopian,Jammu and Kashmir,RedZone,
226,Anantnag,Jammu and Kashmir,RedZone,
227,Srinagar,Jammu and Kashmir,RedZone,
228,Baramulla,Jammu and Kashmir,OrangeZone,
229,Kupwara,Jammu and Kashmir,OrangeZone,
230,Ganderbal,Jammu and Kashmir,OrangeZone,
231,Jammu,Jammu and Kashmir,OrangeZone,
232,Udhampur,Jammu and Kashmir,OrangeZone,
233,Kulgam,Jammu and Kashmir,OrangeZone,
234,Budgam,Jammu and Kashmir,OrangeZone,
235,Samba,Jammu and Kashmir,OrangeZone,
236,Kathua,Jammu and Kashmir,OrangeZone,
237,Rajouri,Jammu and Kashmir,OrangeZone,
238,Ramban,Jammu and Kashmir,OrangeZone,
239,Reasi,Jammu and Kashmir,OrangeZone,
240,Pulwama,Jammu and Kashmir,GreenZone,
241,Kishtwar,Jammu and Kashmir,GreenZone,
242,Doda,Jammu and Kashmir,GreenZone,
243,Poonch,Jammu and Kashmir,GreenZone,
244,Ranchi,Jharkhand,RedZone,
245,Bokaro,Jharkhand,OrangeZone,
246,Garhwa,Jharkhand,OrangeZone,
247,Dhanbad,Jharkhand,OrangeZone,
248,Deoghar,Jharkhand,OrangeZone,
249,Hazaribagh,Jharkhand,OrangeZone,
250,Simdega,Jharkhand,OrangeZone,
251,Giridih,Jharkhand,OrangeZone,
252,Koderma,Jharkhand,OrangeZone,
253,Jamtara,Jharkhand,OrangeZone,
254,Chatra,Jharkhand,GreenZone,
255,Dumka,Jharkhand,GreenZone,
256,EastSinghbum,Jharkhand,GreenZone,
257,Godda,Jharkhand,GreenZone,
258,Gumla,Jharkhand,GreenZone,
259,Latehar,Jharkhand,GreenZone,
260,Lohardaga,Jharkhand,GreenZone,
261,Pakur,Jharkhand,GreenZone,
262,Palamu,Jharkhand,GreenZone,
263,Sahebganj,Jharkhand,GreenZone,
264,SaraikelaKharsawan,Jharkhand,GreenZone,
265,WestSinghbhum,Jharkhand,GreenZone,
266,Khunti,Jharkhand,GreenZone,
267,Ramgarh,Jharkhand,GreenZone,
268,BengaluruUrban,Karnataka,RedZone,
269,Mysuru,Karnataka,RedZone,
270,BengaluruRural,Karnataka,RedZone,
271,Belagavi,Karnataka,OrangeZone,
272,Vijayapura,Karnataka,OrangeZone,
273,Kalaburagi,Karnataka,OrangeZone,
274,Bagalkote,Karnataka,OrangeZone,
275,Mandya,Karnataka,OrangeZone,
276,Ballari,Karnataka,OrangeZone,
277,Dharwad,Karnataka,OrangeZone,
278,DakshinaKannada,Karnataka,OrangeZone,
279,Bidar,Karnataka,OrangeZone,
280,Chikkaballapura,Karnataka,OrangeZone,
281,Gadag,Karnataka,OrangeZone,
282,UttaraKannada,Karnataka,OrangeZone,
283,Tumakuru,Karnataka,OrangeZone,
284,Davangere,Karnataka,GreenZone,
285,Udupi,Karnataka,GreenZone,
286,Chamarajanagara,Karnataka,GreenZone,
287,Chikkamagaluru,Karnataka,GreenZone,
288,Chitradurga,Karnataka,GreenZone,
289,Hassan,Karnataka,GreenZone,
290,Haveri,Karnataka,GreenZone,
291,Kodagu,Karnataka,GreenZone,
292,Kolar,Karnataka,GreenZone,
293,KoppaI,Karnataka,GreenZone,
294,Raichur,Karnataka,GreenZone,
295,Shivamogga,Karnataka,GreenZone,
296,Ramanagara,Karnataka,GreenZone,
297,Yadgir,Karnataka,GreenZone,
298,Kannur,Kerala,RedZone,
299,Kottayam,Kerala,RedZone,
300,Kasaragod,Kerala,OrangeZone,
301,ldukki,Kerala,OrangeZone,
302,Kozhikode,Kerala,OrangeZone,
303,Kollam,Kerala,OrangeZone,
304,Palakkad,Kerala,OrangeZone,
305,Pathanamthitta,Kerala,OrangeZone,
306,Malappuram,Kerala,OrangeZone,
307,Thiruvananthapuram,Kerala,OrangeZone,
308,Alappuzha,Kerala,OrangeZone,
309,Thrissur,Kerala,OrangeZone,
310,Ernakulam,Kerala,GreenZone,
311,Wayanad,Kerala,GreenZone,
312,Lehladakh,Ladakh,OrangeZone,
313,Kargil,Ladakh,OrangeZone,
314,LakshadweepDistrict,Lakshadweep,GreenZone,
315,Indore,Madhya Pradesh,RedZone,
316,Bhopal,Madhya Pradesh,RedZone,
317,Ujjain,Madhya Pradesh,RedZone,
318,Jabalpur,Madhya Pradesh,RedZone,
319,Dhar,Madhya Pradesh,RedZone,
320,Barwani,Madhya Pradesh,RedZone,
321,EastNimar,Madhya Pradesh,RedZone,
322,Dewas,Madhya Pradesh,RedZone,
323,Gwalior,Madhya Pradesh,RedZone,
324,Khargone,Madhya Pradesh,OrangeZone,
325,Raisen,Madhya Pradesh,OrangeZone,
326,Hoshangabad,Madhya Pradesh,OrangeZone,
327,Ratlam,Madhya Pradesh,OrangeZone,
328,AgarMalwa,Madhya Pradesh,OrangeZone,
329,Mandsaur,Madhya Pradesh,OrangeZone,
330,Sagar,Madhya Pradesh,OrangeZone,
331,Shajapur,Madhya Pradesh,OrangeZone,
332,Chhindwara,Madhya Pradesh,OrangeZone,
333,Alirajpur,Madhya Pradesh,OrangeZone,
334,Tikamgarh,Madhya Pradesh,OrangeZone,
335,Shahdol,Madhya Pradesh,OrangeZone,
336,Sheopur,Madhya Pradesh,OrangeZone,
337,Dindori,Madhya Pradesh,OrangeZone,
338,Burhanpur,Madhya Pradesh,OrangeZone,
339,Harda,Madhya Pradesh,OrangeZone,
340,Betul,Madhya Pradesh,OrangeZone,
341,Vidisha,Madhya Pradesh,OrangeZone,
342,Morena,Madhya Pradesh,OrangeZone,
343,Rewa,Madhya Pradesh,GreenZone,
344,Ashoknagar,Madhya Pradesh,GreenZone,
345,Rajgarh,Madhya Pradesh,GreenZone,
346,Shivpuri,Madhya Pradesh,GreenZone,
347,Anuppur,Madhya Pradesh,GreenZone,
348,Balaghat,Madhya Pradesh,GreenZone,
349,Bhind,Madhya Pradesh,GreenZone,
350,Chhatarpur,Madhya Pradesh,GreenZone,
351,Daoh,Madhya Pradesh,GreenZone,
352,Datia,Madhya Pradesh,GreenZone,
353,Guna,Madhya Pradesh,GreenZone,
354,Jhabua,Madhya Pradesh,GreenZone,
355,Katni,Madhya Pradesh,GreenZone,
356,Mandia,Madhya Pradesh,GreenZone,
357,Narsinghpur,Madhya Pradesh,GreenZone,
358,Neemuch,Madhya Pradesh,GreenZone,
359,Panna,Madhya Pradesh,GreenZone,
360,Satna,Madhya Pradesh,GreenZone,
361,Sehore,Madhya Pradesh,GreenZone,
362,Seoni,Madhya Pradesh,GreenZone,
363,Sidhi,Madhya Pradesh,GreenZone,
364,Umaria,Madhya Pradesh,GreenZone,
365,Singrauli,Madhya Pradesh,GreenZone,
366,Niwari,Madhya Pradesh,GreenZone,
367,Mumbai,Maharashtra,RedZone,
368,Pune,Maharashtra,RedZone,
369,Thane,Maharashtra,RedZone,
370,Nashik,Maharashtra,RedZone,
371,Palghar,Maharashtra,RedZone,
372,Nagpur,Maharashtra,RedZone,
373,Solapur,Maharashtra,RedZone,
374,Yavatmal,Maharashtra,RedZone,
375,Aurangabad,Maharashtra,RedZone,
376,Satara,Maharashtra,RedZone,
377,Dhule,Maharashtra,RedZone,
378,Akola,Maharashtra,RedZone,
379,Jalgaon,Maharashtra,RedZone,
380,MumbaiSuburban,Maharashtra,RedZone,
381,Raigad,Maharashtra,OrangeZone,
382,Ahmednagar,Maharashtra,OrangeZone,
383,Amravati,Maharashtra,OrangeZone,
384,Buldhana,Maharashtra,OrangeZone,
385,Nandurbar,Maharashtra,OrangeZone,
386,Kolhapur,Maharashtra,OrangeZone,
387,Hingoli,Maharashtra,OrangeZone,
388,Ratnagiri,Maharashtra,OrangeZone,
389,Jalna,Maharashtra,OrangeZone,
390,Nanded,Maharashtra,OrangeZone,
391,Chandrapur,Maharashtra,OrangeZone,
392,Parbhani,Maharashtra,OrangeZone,
393,Sangli,Maharashtra,OrangeZone,
394,Latur,Maharashtra,OrangeZone,
395,Bhandara,Maharashtra,OrangeZone,
396,Beed,Maharashtra,OrangeZone,
397,Osmanabad,Maharashtra,GreenZone,
398,Washim,Maharashtra,GreenZone,
399,Sindhudurg,Maharashtra,GreenZone,
400,Gandia,Maharashtra,GreenZone,
401,Gadchiroli,Maharashtra,GreenZone,
402,Wardha,Maharashtra,GreenZone,
403,ImphalWest,Manipur,GreenZone,
404,Thoubal,Manipur,GreenZone,
405,Bishnupur,Manipur,GreenZone,
406,Chandel,Manipur,GreenZone,
407,Churachandpur,Manipur,GreenZone,
408,ImphalEast,Manipur,GreenZone,
409,Senapati,Manipur,GreenZone,
410,Tamenglong,Manipur,GreenZone,
411,Ukhrul,Manipur,GreenZone,
412,Kakching,Manipur,GreenZone,
413,Kangpokpi,Manipur,GreenZone,
414,Jiribam,Manipur,GreenZone,
415,Nonev,Manipur,GreenZone,
416,Pherzawl,Manipur,GreenZone,
417,Tengnoupal,Manipur,GreenZone,
418,Kamjong,Manipur,GreenZone,
419,EastKhasiHills,Meghalaya,OrangeZone,
420,EastGaroHills,Meghalaya,GreenZone,
421,WestJaintiaHills,Meghalaya,GreenZone,
422,RiBhoi,Meghalaya,GreenZone,
423,SouthGaroHills,Meghalaya,GreenZone,
424,WestGaroHills,Meghalaya,GreenZone,
425,WestKhasiHills,Meghalaya,GreenZone,
426,NorthGaroHills,Meghalaya,GreenZone,
427,EastJaintiaHills,Meghalaya,GreenZone,
428,SouthWestKhasiHills,Meghalaya,GreenZone,
429,SouthWestGaroHills,Meghalaya,GreenZone,
430,Aizawl,Mizoram,GreenZone,
431,Champhai,Mizoram,GreenZone,
432,Kolasib,Mizoram,GreenZone,
433,Lawngtlai,Mizoram,GreenZone,
434,Lunglei,Mizoram,GreenZone,
435,Mamit,Mizoram,GreenZone,
436,Saiha,Mizoram,GreenZone,
437,Serchhip,Mizoram,GreenZone,
438,Hnahthial,Mizoram,GreenZone,
439,Saitual,Mizoram,GreenZone,
440,Khawzawl,Mizoram,GreenZone,
441,Dimapur,Nagaiand,GreenZone,
442,Kohima,Nagaland,GreenZone,
443,Mokokchung,Nagaland,GreenZone,
444,Mon,Nagaland,GreenZone,
445,Phek,Nagaland,GreenZone,
446,Tuensang,Nagaland,GreenZone,
447,Wokha,Nagaland,GreenZone,
448,Zunheboto,Nagaland,GreenZone,
449,Peren,Nagaland,GreenZone,
450,Kiphire,Nagaland,GreenZone,
451,Longleng,Nagaland,GreenZone,
452,Jajapur,Odisha,RedZone,
453,Bhadrak,Odisha,RedZone,
454,Baleshwar,Odisha,RedZone,
455,Khordha,Odisha,OrangeZone,
456,Sundargarh,Odisha,OrangeZone,
457,Kendrapara,Odisha,OrangeZone,
458,Koraput,Odisha,OrangeZone,
459,Dhenkanal,Odisha,OrangeZone,
460,Kalahandi,Odisha,OrangeZone,
461,Cuttack,Odisha,GreenZone,
462,Puri,Odisha,GreenZone,
463,Anugul,Odisha,GreenZone,
464,Balangir,Odisha,GreenZone,
465,Bargarh,Odisha,GreenZone,
466,Boudh,Odisha,GreenZone,
467,Deogarh,Odisha,GreenZone,
468,Gajapati,Odisha,GreenZone,
469,Ganjam,Odisha,GreenZone,
470,Jagatsinghapur,Odisha,GreenZone,
471,Jharsuguda,Odisha,GreenZone,
472,Kandhamal,Odisha,GreenZone,
473,Kendujhar,Odisha,GreenZone,
474,Malkangiri,Odisha,GreenZone,
475,Mayurbhanj,Odisha,GreenZone,
476,Nabarangpur,Odisha,GreenZone,
477,Nayagarh,Odisha,GreenZone,
478,Nuapada,Odisha,GreenZone,
479,Rayagada,Odisha,GreenZone,
480,Sambalpur,Odisha,GreenZone,
481,Sonepur,Odisha,GreenZone,
482,Pondicherry,Puducherry,OrangeZone,
483,Karaikal,Puducherry,GreenZone,
484,Mahe,Puducherry,GreenZone,
485,Yanam,Puducherry,GreenZone,
486,Jalandhar,Punjab,RedZone,
487,Patiala,Punjab,RedZone,
488,Ludhiana,Punjab,RedZone,
489,SASNagar,Punjab,OrangeZone,
490,Pathankot,Punjab,OrangeZone,
491,Mansa,Punjab,OrangeZone,
492,TarnTaran,Punjab,OrangeZone,
493,Amritsar,Punjab,OrangeZone,
494,Kapurthala,Punjab,OrangeZone,
495,Hoshiarpur,Punjab,OrangeZone,
496,Faridkot,Punjab,OrangeZone,
497,Sangrur,Punjab,OrangeZone,
498,ShahidBhagatSinghNagar(Nawanshahr),Punjab,OrangeZone,
499,Firozepur,Punjab,OrangeZone,
500,SriMuktsarSahib,Punjab,OrangeZone,
501,Moga,Punjab,OrangeZone,
502,Gurdaspur,Punjab,OrangeZone,
503,Barnala,Punjab,OrangeZone,
504,Rupnagar(Ropar),Punjab,GreenZone,
505,FatehgarhSahib,Punjab,GreenZone,
506,Bathinda,Punjab,GreenZone,
507,Fazilka,Punjab,GreenZone,
508,Jaipur,Rajasthan,RedZone,
509,Jodhpur,Rajasthan,RedZone,
510,Kota,Rajasthan,RedZone,
511,Ajmer,Rajasthan,RedZone,
512,Bharatpur,Rajasthan,RedZone,
513,Nagaur,Rajasthan,RedZone,
514,Banswara,Rajasthan,RedZone,
515,Jhalawar,Rajasthan,RedZone,
516,Tonk,Rajasthan,OrangeZone,
517,Jaisalmer,Rajasthan,OrangeZone,
518,Dausa,Rajasthan,OrangeZone,
519,Jhunjhunu,Rajasthan,OrangeZone,
520,Hanumangarh,Rajasthan,OrangeZone,
521,Bhilwara,Rajasthan,OrangeZone,
522,SawaiMadhaopur,Rajasthan,OrangeZone,
523,Chittorgarh,Rajasthan,OrangeZone,
524,Dungarpur,Rajasthan,OrangeZone,
525,Udaipur,Rajasthan,OrangeZone,
526,Dholpur,Rajasthan,OrangeZone,
527,Sikar,Rajasthan,OrangeZone,
528,Alwar,Rajasthan,OrangeZone,
529,Bikaner,Rajasthan,OrangeZone,
530,Churu,Rajasthan,OrangeZone,
531,Pali,Rajasthan,OrangeZone,
532,Barmer,Rajasthan,OrangeZone,
533,Karauli,Rajasthan,OrangeZone,
534,Rajsamand,Rajasthan,OrangeZone,
535,Baran,Rajasthan,GreenZone,
536,Bundi,Rajasthan,GreenZone,
537,Ganganagar,Rajasthan,GreenZone,
538,Jalore,Rajasthan,GreenZone,
539,Sirohi,Rajasthan,GreenZone,
540,Pratapgarh,Rajasthan,GreenZone,
541,NorthDistrict,Sikkim,GreenZone,
542,EastDistrict,Sikkim,GreenZone,
543,SouthDistrict,Sikkim,GreenZone,
544,WestDistrict,Sikkim,GreenZone,
545,Chennai,Tamil Nadu,RedZone,
546,Madurai,Tamil Nadu,RedZone,
547,Namakkal,Tamil Nadu,RedZone,
548,Thanjavur,Tamil Nadu,RedZone,
549,Chengalpattu,Tamil Nadu,RedZone,
550,Thiruvallur,Tamil Nadu,RedZone,
551,Tiruppur,Tamil Nadu,RedZone,
552,Ranipet,Tamil Nadu,RedZone,
553,Virudhunagar,Tamil Nadu,RedZone,
554,Thiruvarur,Tamil Nadu,RedZone,
555,VeIIore,Tamil Nadu,RedZone,
556,Kanchipuram,Tamil Nadu,RedZone,
557,Theni,Tamil Nadu,OrangeZone,
558,Tenkasi,Tamil Nadu,OrangeZone,
559,Nagapattinam,Tamil Nadu,OrangeZone,
560,Dindigul,Tamil Nadu,OrangeZone,
561,Villupuram,Tamil Nadu,OrangeZone,
562,Coimbatore,Tamil Nadu,OrangeZone,
563,Cuddalore,Tamil Nadu,OrangeZone,
564,Salem,Tamil Nadu,OrangeZone,
565,Karur,Tamil Nadu,OrangeZone,
566,Tuticorin,Tamil Nadu,OrangeZone,
567,Tiruchirappalli,Tamil Nadu,OrangeZone,
568,Tirupathur,Tamil Nadu,OrangeZone,
569,Kanniyakumari,Tamil Nadu,OrangeZone,
570,Tiruvannamalai,Tamil Nadu,OrangeZone,
571,Ramanathapuram,Tamil Nadu,OrangeZone,
572,Tirunelveli,Tamil Nadu,OrangeZone,
573,TheNilgiris,Tamil Nadu,OrangeZone,
574,Sivaganga,Tamil Nadu,OrangeZone,
575,Perambalur,Tamil Nadu,OrangeZone,
576,Kallakurichi,Tamil Nadu,OrangeZone,
577,Ariyalur,Tamil Nadu,OrangeZone,
578,Erode,Tamil Nadu,OrangeZone,
579,Pudukkottai,Tamil Nadu,OrangeZone,
580,Dharmapuri,Tamil Nadu,OrangeZone,
581,Krishnagiri,Tamil Nadu,GreenZone,
582,Hyderabad,Telengana,RedZone,
583,Suryapet,Telengana,RedZone,
584,RangaReddy,Telengana,RedZone,
585,MedchalMalkajgiri,Telengana,RedZone,
586,Vikarabad,Telengana,RedZone,
587,WarangalUrban,Telengana,RedZone,
588,Nizamabad,Telengana,OrangeZone,
589,JogulambaGadwal,Telengana,OrangeZone,
590,Nirmal,Telengana,OrangeZone,
591,Nalgonda,Telengana,OrangeZone,
592,Adilabad,Telengana,OrangeZone,
593,Sangareddy,Telengana,OrangeZone,
594,Kamareddy,Telengana,OrangeZone,
595,KumuramBheemAsifabad,Telengana,OrangeZone,
596,Karimnagar,Telengana,OrangeZone,
597,Khammam,Telengana,OrangeZone,
598,Mahabubnagar,Telengana,OrangeZone,
599,Jagitial,Telengana,OrangeZone,
600,RajannaSircilla,Telengana,OrangeZone,
601,JayashankarBhupalapally,Telengana,OrangeZone,
602,Medak,Telengana,OrangeZone,
603,Jangoan,Telengana,OrangeZone,
604,Narayanpet,Telengana,OrangeZone,
605,Mancherial,Telengana,OrangeZone,
606,Peddapalli,Telengana,GreenZone,
607,Nagarkurnool,Telengana,GreenZone,
608,Mulugu,Telengana,GreenZone,
609,BhadradriKothagudem,Telengana,GreenZone,
610,Mahabubabad,Telengana,GreenZone,
611,Siddipet,Telengana,GreenZone,
612,WarangalRural,Telengana,GreenZone,
613,Wanaparthy,Telengana,GreenZone,
614,YadadriBhuvanagiri,Telengana,GreenZone,
615,NorthTripura,Tripura,OrangeZone,
616,Gomati,Tripura,OrangeZone,
617,Dhalai,Tripura,GreenZone,
618,SouthTripura,Tripura,GreenZone,
619,WestTripura,Tripura,GreenZone,
620,Khowai,Tripura,GreenZone,
621,Sepahijala,Tripura,GreenZone,
622,Unakoti,Tripura,GreenZone,
623,Agra,Uttar Pradesh,RedZone,
624,Lucknow,Uttar Pradesh,RedZone,
625,Saharanpur,Uttar Pradesh,RedZone,
626,KanpurNagar,Uttar Pradesh,RedZone,
627,Moradabad,Uttar Pradesh,RedZone,
628,Firozabad,Uttar Pradesh,RedZone,
629,GautamBuddhaNagar,Uttar Pradesh,RedZone,
630,Bulandshahr,Uttar Pradesh,RedZone,
631,Meerut,Uttar Pradesh,RedZone,
632,RaeBareli,Uttar Pradesh,RedZone,
633,Varanasi,Uttar Pradesh,RedZone,
634,Bijnor,Uttar Pradesh,RedZone,
635,Amroha,Uttar Pradesh,RedZone,
636,SantKabeerNagar,Uttar Pradesh,RedZone,
637,Aligarh,Uttar Pradesh,RedZone,
638,Muzaffarnagar,Uttar Pradesh,RedZone,
639,Rampur,Uttar Pradesh,RedZone,
640,Mathura,Uttar Pradesh,RedZone,
641,Bareilly,Uttar Pradesh,RedZone,
642,Ghaziabad,Uttar Pradesh,OrangeZone,
643,Hapur,Uttar Pradesh,OrangeZone,
644,Baghpat,Uttar Pradesh,OrangeZone,
645,Basti,Uttar Pradesh,OrangeZone,
646,Budaun,Uttar Pradesh,OrangeZone,
647,Sambhal,Uttar Pradesh,OrangeZone,
648,Auraiya,Uttar Pradesh,OrangeZone,
649,ShamIi,Uttar Pradesh,OrangeZone,
650,Sitapur,Uttar Pradesh,OrangeZone,
651,Bahraich,Uttar Pradesh,OrangeZone,
652,Kannauj,Uttar Pradesh,OrangeZone,
653,Azamgarh,Uttar Pradesh,OrangeZone,
654,Mainpuri,Uttar Pradesh,OrangeZone,
655,Shravasti,Uttar Pradesh,OrangeZone,
656,Banda,Uttar Pradesh,OrangeZone,
657,Jaunpur,Uttar Pradesh,OrangeZone,
658,Etah,Uttar Pradesh,OrangeZone,
659,Kasganj,Uttar Pradesh,OrangeZone,
660,Sultanpur,Uttar Pradesh,OrangeZone,
661,Prayagraj,Uttar Pradesh,OrangeZone,
662,Jalaun,Uttar Pradesh,OrangeZone,
663,Mirzapur,Uttar Pradesh,OrangeZone,
664,Etawah,Uttar Pradesh,OrangeZone,
665,Pratapgarh,Uttar Pradesh,OrangeZone,
666,Ghazipur,Uttar Pradesh,OrangeZone,
667,Gonda,Uttar Pradesh,OrangeZone,
668,Mau,Uttar Pradesh,OrangeZone,
669,Bhadohi,Uttar Pradesh,OrangeZone,
670,Unnao,Uttar Pradesh,OrangeZone,
671,Pilibhit,Uttar Pradesh,OrangeZone,
672,Balrampur,Uttar Pradesh,OrangeZone,
673,Ayodhya,Uttar Pradesh,OrangeZone,
674,Gorakhpur,Uttar Pradesh,OrangeZone,
675,Jhansi,Uttar Pradesh,OrangeZone,
676,Hardoi,Uttar Pradesh,OrangeZone,
677,Kaushambi,Uttar Pradesh,OrangeZone,
678,Barabanki,Uttar Pradesh,GreenZone,
679,Kheri,Uttar Pradesh,GreenZone,
680,Hathras,Uttar Pradesh,GreenZone,
681,Maharajganj,Uttar Pradesh,GreenZone,
682,Shahjahanpur,Uttar Pradesh,GreenZone,
683,AmbedkarNagar,Uttar Pradesh,GreenZone,
684,BaIlia,Uttar Pradesh,GreenZone,
685,Chandauli,Uttar Pradesh,GreenZone,
686,Chitrakoot,Uttar Pradesh,GreenZone,
687,Deoria,Uttar Pradesh,GreenZone,
688,Farrukhabad,Uttar Pradesh,GreenZone,
689,Fatehpur,Uttar Pradesh,GreenZone,
690,Hamirpur,Uttar Pradesh,GreenZone,
691,KanpurDehat,Uttar Pradesh,GreenZone,
692,KushiNagar,Uttar Pradesh,GreenZone,
693,Lalitpur,Uttar Pradesh,GreenZone,
694,Mahoba,Uttar Pradesh,GreenZone,
695,SiddharthNagar,Uttar Pradesh,GreenZone,
696,Sonbhadra,Uttar Pradesh,GreenZone,
697,Amethi,Uttar Pradesh,GreenZone,
698,Haridwar,Uttarakhand,RedZone,
699,Dehradun,Uttarakhand,OrangeZone,
700,Nainital,Uttarakhand,OrangeZone,
701,UdamSinghNagar,Uttarakhand,GreenZone,
702,Almora,Uttarakhand,GreenZone,
703,PauriGarhwal,Uttarakhand,GreenZone,
704,Bageshwar,Uttarakhand,GreenZone,
705,Chamoli,Uttarakhand,GreenZone,
706,Champawat,Uttarakhand,GreenZone,
707,Pithoragarh,Uttarakhand,GreenZone,
708,RudraPrayag,Uttarakhand,GreenZone,
709,TehriGarhwal,Uttarakhand,GreenZone,
710,UttarKashi,Uttarakhand,GreenZone,
711,Kolkata,West Bengal,RedZone,
712,Howrah,West Bengal,RedZone,
713,24ParaganasNorth,West Bengal,RedZone,
714,24ParaganasSouth,West Bengal,RedZone,
715,MedinipurWest,West Bengal,RedZone,
716,MedinipurEast,West Bengal,RedZone,
717,Darjeeling,West Bengal,RedZone,
718,Jalpaiguri,West Bengal,RedZone,
719,Kalimpong,West Bengal,RedZone,
720,Maldah,West Bengal,RedZone,
721,Hooghly,West Bengal,OrangeZone,
722,PaschimBardhaman,West Bengal,OrangeZone,
723,Nadia,West Bengal,OrangeZone,
724,PurbaBardhaman,West Bengal,OrangeZone,
725,Murshidabad,West Bengal,OrangeZone,
726,DinajpurUttar,West Bengal,GreenZone,
727,Bankura,West Bengal,GreenZone,
728,Birbhum,West Bengal,GreenZone,
729,Coochbehar,West Bengal,GreenZone,
730,DinajpurDakshin,West Bengal,GreenZone,
731,Purulia,West Bengal,GreenZone,
732,Alipurduar,West Bengal,GreenZone,
733,Jhargram,West Bengal,GreenZone,
